<?xml version="1.0" encoding="utf-8"?>
<extension type="module" version="3.1" client="site" method="upgrade">
	<name>mod_customadv</name>
	<author>ZM</author>
	<creationDate>November 2016</creationDate>
	<copyright>Copyright (C) 2016 ZM.</copyright>
	<license>GNU General Public License version 2 or later; see LICENSE.txt</license>
	<authorEmail>admin@joomla.org</authorEmail>
	<authorUrl>www.joomla.org</authorUrl>
	<version>3.0.0</version>
	<description>MOD_CUSTOMADV_XML_DESCRIPTION</description>

	<customContent />

	<files>
		<filename module="mod_customadv">mod_customadv.php</filename>
		<filename>mod_customadv.xml</filename>
		<filename>index.html</filename>
		<folder>tmpl</folder>
	</files>
	<!-- <languages>
		<language tag="en-GB">language/en-GB/en-GB.mod_customadv.ini</language>
		<language tag="en-GB">language/en-GB/en-GB.mod_customadv.sys.ini</language>
		<language tag="sk-SK">language/sk-SK/sk-SK.mod_customadv.ini</language>
		<language tag="sk-SK">language/sk-SK/sk-SK.mod_customadv.sys.ini</language>
	</languages>
 -->
	<help key="JHELP_EXTENSIONS_MODULE_MANAGER_CUSTOM_HTML" />
	<config>
		<fields name="params">
			<fieldset name="options" label="COM_MODULES_BASIC_FIELDSET_LABEL">
				<field
					name="prepare_content"
					type="radio"
					class="btn-group btn-group-yesno"
					label="MOD_CUSTOMADV_FIELD_PREPARE_CONTENT_LABEL"
					description="MOD_CUSTOMADV_FIELD_PREPARE_CONTENT_DESC"
					default="0">
					<option value="1">JYES</option>
					<option value="0">JNO</option>
				</field>
				<field name="backgroundimage" type="media"
					label="MOD_CUSTOMADV_FIELD_BACKGROUNDIMAGE_LABEL" description="MOD_BACKGROUNDIMAGE_FIELD_LOGO_DESC" />
				<field
					name="scriptradio"
					type="radio"
					class="btn-group btn-group-yesno"
					label="MOD_CUSTOMADV_FIELD_SCRIPTRADIO_LABEL"
					description="MOD_CUSTOMADV_FIELD_SCRIPTRADIO_DESC"
					default="0">
					<option value="1">JYES</option>
					<option value="0">JNO</option>
				</field>
				<field
					name="modulscript"
					type="text"
					label="MOD_CUSTOMADV_FIELD_MODULSCRIPT_LABEL"
					description="MOD_CUSTOMADV_FIELD_MODULSCRIPT_DESC" />
				<field
					name="modulscript2"
					type="text"
					label="MOD_CUSTOMADV_FIELD_MODULSCRIPT_LABEL"
					description="MOD_CUSTOMADV_FIELD_MODULSCRIPT_DESC" />
					<field
						name="modulscript3"
						type="textarea"
						label="Script deklarácia"
						description="script tag v head" />
					<field
					name="cssradio"
					type="radio"
					class="btn-group btn-group-yesno"
					label="Načítať CSS"
					default="0">
					<option value="1">JYES</option>
					<option value="0">JNO</option>
				</field>
					<field
					name="cssradio"
					type="radio"
					class="btn-group btn-group-yesno"
					label="Načítať CSS"
					default="0">
					<option value="1">JYES</option>
					<option value="0">JNO</option>
				</field>
				<field
					name="modulcss"
					type="text"
					label="adresa CSS"
					description="MOD_CUSTOMADV_FIELD_MODULSCRIPT_DESC" />
			</fieldset>
			<fieldset
				name="advanced">
				<field
					name="layout"
					type="modulelayout"
					label="JFIELD_ALT_LAYOUT_LABEL"
					description="JFIELD_ALT_MODULE_LAYOUT_DESC" />

				<field
					name="moduleclass_sfx"
					type="textarea" rows="3"
					label="COM_MODULES_FIELD_MODULECLASS_SFX_LABEL"
					description="COM_MODULES_FIELD_MODULECLASS_SFX_DESC" />

				<field
					name="cache"
					type="list"
					default="1"
					label="COM_MODULES_FIELD_CACHING_LABEL"
					description="COM_MODULES_FIELD_CACHING_DESC">
					<option
						value="1">JGLOBAL_USE_GLOBAL</option>
					<option
						value="0">COM_MODULES_FIELD_VALUE_NOCACHING</option>
				</field>

				<field
					name="cache_time"
					type="text"
					default="900"
					label="COM_MODULES_FIELD_CACHE_TIME_LABEL"
					description="COM_MODULES_FIELD_CACHE_TIME_DESC" />
				<field
					name="cachemode"
					type="hidden"
					default="static">
					<option
						value="static"></option>
				</field>
			</fieldset>
		</fields>
	</config>
</extension>
